queue_id,sku,collection,title,supplier_name,product_url,spec_sheet_url,field_name,extracted_value,confidence_score,reason,approved_value,notes
232,HENRI-3W,sinks,,abey.com.au,https://www.abey.com.au/product/sinks/kitchen-sinks/chambord-henri-1-1-2-bowl-fireclay/,https://s3.ap-southeast-2.amazonaws.com/assets.abey.com.au/abey_extend/aef_ts/HENRI-3W.pdf,product_material,Fireclay,0.300,Low confidence,,
232,HENRI-3W,sinks,,abey.com.au,https://www.abey.com.au/product/sinks/kitchen-sinks/chambord-henri-1-1-2-bowl-fireclay/,https://s3.ap-southeast-2.amazonaws.com/assets.abey.com.au/abey_extend/aef_ts/HENRI-3W.pdf,style,One and a Half Bowl,0.500,Below threshold,,
232,HENRI-3W,sinks,,abey.com.au,https://www.abey.com.au/product/sinks/kitchen-sinks/chambord-henri-1-1-2-bowl-fireclay/,https://s3.ap-southeast-2.amazonaws.com/assets.abey.com.au/abey_extend/aef_ts/HENRI-3W.pdf,bowls_number,2,0.500,Below threshold,,
232,HENRI-3W,sinks,,abey.com.au,https://www.abey.com.au/product/sinks/kitchen-sinks/chambord-henri-1-1-2-bowl-fireclay/,https://s3.ap-southeast-2.amazonaws.com/assets.abey.com.au/abey_extend/aef_ts/HENRI-3W.pdf,application_location,Kitchen/Laundry,0.500,Below threshold,,
232,HENRI-3W,sinks,,abey.com.au,https://www.abey.com.au/product/sinks/kitchen-sinks/chambord-henri-1-1-2-bowl-fireclay/,https://s3.ap-southeast-2.amazonaws.com/assets.abey.com.au/abey_extend/aef_ts/HENRI-3W.pdf,drain_position,Centre,0.500,Below threshold,,
232,HENRI-3W,sinks,,abey.com.au,https://www.abey.com.au/product/sinks/kitchen-sinks/chambord-henri-1-1-2-bowl-fireclay/,https://s3.ap-southeast-2.amazonaws.com/assets.abey.com.au/abey_extend/aef_ts/HENRI-3W.pdf,waste_outlet_dimensions,90 mm x 2 inches,0.300,Low confidence,,
230,LT-5075,basins,,abey.com.au,https://www.abey.com.au/product/basins/vela-wall-hung-basin-1th/,https://s3.ap-southeast-2.amazonaws.com/assets.abey.com.au/abey_extend/aef_ts/LT-5075.pdf,colour_finish,white,0.500,Below threshold,,
228,6025-S,sinks,,abey.com.au,https://www.abey.com.au/product/accessories/kitchen-sink-accessories/plug-waste-90x50mm-stone/,https://s3.ap-southeast-2.amazonaws.com/assets.abey.com.au/abey_extend/aef_ts/6025-S.pdf,bowls_number,1,0.500,Below threshold,,
228,6025-S,sinks,,abey.com.au,https://www.abey.com.au/product/accessories/kitchen-sink-accessories/plug-waste-90x50mm-stone/,https://s3.ap-southeast-2.amazonaws.com/assets.abey.com.au/abey_extend/aef_ts/6025-S.pdf,application_location,kitchen/laundry,0.500,Below threshold,,
225,26933,baths,,abey.com.au,https://www.abey.com.au/product/freestanding-baths/clearstone-matt-bath-plug-and-waste/,https://s3.ap-southeast-2.amazonaws.com/assets.abey.com.au/abey_extend/aef_ii/ClearStone_Bath_Installation_Instructions.pdf,style,contemporary,0.500,Below threshold,,
225,26933,baths,,abey.com.au,https://www.abey.com.au/product/freestanding-baths/clearstone-matt-bath-plug-and-waste/,https://s3.ap-southeast-2.amazonaws.com/assets.abey.com.au/abey_extend/aef_ii/ClearStone_Bath_Installation_Instructions.pdf,product_material,clearstone,0.300,Low confidence,,
225,26933,baths,,abey.com.au,https://www.abey.com.au/product/freestanding-baths/clearstone-matt-bath-plug-and-waste/,https://s3.ap-southeast-2.amazonaws.com/assets.abey.com.au/abey_extend/aef_ii/ClearStone_Bath_Installation_Instructions.pdf,grade_of_material,premium,0.300,Low confidence,,
225,26933,baths,,abey.com.au,https://www.abey.com.au/product/freestanding-baths/clearstone-matt-bath-plug-and-waste/,https://s3.ap-southeast-2.amazonaws.com/assets.abey.com.au/abey_extend/aef_ii/ClearStone_Bath_Installation_Instructions.pdf,application_location,indoor,0.500,Below threshold,,
224,N200UP,sinks,,abey.com.au,https://www.abey.com.au/product/sinks/kitchen-sinks/schock-double-bowl-undermount-puro/,https://s3.ap-southeast-2.amazonaws.com/assets.abey.com.au/abey_extend/aef_ii/Abey_Undermount-Sink-Installation-Instructions.pdf,has_overflow,not provided,0.400,Low confidence,,
224,N200UP,sinks,,abey.com.au,https://www.abey.com.au/product/sinks/kitchen-sinks/schock-double-bowl-undermount-puro/,https://s3.ap-southeast-2.amazonaws.com/assets.abey.com.au/abey_extend/aef_ii/Abey_Undermount-Sink-Installation-Instructions.pdf,product_material,not provided,0.300,Low confidence,,
224,N200UP,sinks,,abey.com.au,https://www.abey.com.au/product/sinks/kitchen-sinks/schock-double-bowl-undermount-puro/,https://s3.ap-southeast-2.amazonaws.com/assets.abey.com.au/abey_extend/aef_ii/Abey_Undermount-Sink-Installation-Instructions.pdf,grade_of_material,not provided,0.300,Low confidence,,
224,N200UP,sinks,,abey.com.au,https://www.abey.com.au/product/sinks/kitchen-sinks/schock-double-bowl-undermount-puro/,https://s3.ap-southeast-2.amazonaws.com/assets.abey.com.au/abey_extend/aef_ii/Abey_Undermount-Sink-Installation-Instructions.pdf,style,not provided,0.500,Below threshold,,
224,N200UP,sinks,,abey.com.au,https://www.abey.com.au/product/sinks/kitchen-sinks/schock-double-bowl-undermount-puro/,https://s3.ap-southeast-2.amazonaws.com/assets.abey.com.au/abey_extend/aef_ii/Abey_Undermount-Sink-Installation-Instructions.pdf,bowls_number,not provided,0.500,Below threshold,,
224,N200UP,sinks,,abey.com.au,https://www.abey.com.au/product/sinks/kitchen-sinks/schock-double-bowl-undermount-puro/,https://s3.ap-southeast-2.amazonaws.com/assets.abey.com.au/abey_extend/aef_ii/Abey_Undermount-Sink-Installation-Instructions.pdf,application_location,not provided,0.500,Below threshold,,
224,N200UP,sinks,,abey.com.au,https://www.abey.com.au/product/sinks/kitchen-sinks/schock-double-bowl-undermount-puro/,https://s3.ap-southeast-2.amazonaws.com/assets.abey.com.au/abey_extend/aef_ii/Abey_Undermount-Sink-Installation-Instructions.pdf,drain_position,not provided,0.500,Below threshold,,
224,N200UP,sinks,,abey.com.au,https://www.abey.com.au/product/sinks/kitchen-sinks/schock-double-bowl-undermount-puro/,https://s3.ap-southeast-2.amazonaws.com/assets.abey.com.au/abey_extend/aef_ii/Abey_Undermount-Sink-Installation-Instructions.pdf,waste_outlet_dimensions,not provided,0.300,Low confidence,,
224,N200UP,sinks,,abey.com.au,https://www.abey.com.au/product/sinks/kitchen-sinks/schock-double-bowl-undermount-puro/,https://s3.ap-southeast-2.amazonaws.com/assets.abey.com.au/abey_extend/aef_ii/Abey_Undermount-Sink-Installation-Instructions.pdf,warranty_years,not provided,0.500,Below threshold,,
224,N200UP,sinks,,abey.com.au,https://www.abey.com.au/product/sinks/kitchen-sinks/schock-double-bowl-undermount-puro/,https://s3.ap-southeast-2.amazonaws.com/assets.abey.com.au/abey_extend/aef_ii/Abey_Undermount-Sink-Installation-Instructions.pdf,length_mm,not provided,0.300,Low confidence,,
224,N200UP,sinks,,abey.com.au,https://www.abey.com.au/product/sinks/kitchen-sinks/schock-double-bowl-undermount-puro/,https://s3.ap-southeast-2.amazonaws.com/assets.abey.com.au/abey_extend/aef_ii/Abey_Undermount-Sink-Installation-Instructions.pdf,overall_width_mm,not provided,0.300,Low confidence,,
224,N200UP,sinks,,abey.com.au,https://www.abey.com.au/product/sinks/kitchen-sinks/schock-double-bowl-undermount-puro/,https://s3.ap-southeast-2.amazonaws.com/assets.abey.com.au/abey_extend/aef_ii/Abey_Undermount-Sink-Installation-Instructions.pdf,overall_depth_mm,not provided,0.300,Low confidence,,
224,N200UP,sinks,,abey.com.au,https://www.abey.com.au/product/sinks/kitchen-sinks/schock-double-bowl-undermount-puro/,https://s3.ap-southeast-2.amazonaws.com/assets.abey.com.au/abey_extend/aef_ii/Abey_Undermount-Sink-Installation-Instructions.pdf,bowl_width_mm,not provided,0.300,Low confidence,,
224,N200UP,sinks,,abey.com.au,https://www.abey.com.au/product/sinks/kitchen-sinks/schock-double-bowl-undermount-puro/,https://s3.ap-southeast-2.amazonaws.com/assets.abey.com.au/abey_extend/aef_ii/Abey_Undermount-Sink-Installation-Instructions.pdf,bowl_depth_mm,not provided,0.300,Low confidence,,
224,N200UP,sinks,,abey.com.au,https://www.abey.com.au/product/sinks/kitchen-sinks/schock-double-bowl-undermount-puro/,https://s3.ap-southeast-2.amazonaws.com/assets.abey.com.au/abey_extend/aef_ii/Abey_Undermount-Sink-Installation-Instructions.pdf,bowl_height_mm,not provided,0.300,Low confidence,,
224,N200UP,sinks,,abey.com.au,https://www.abey.com.au/product/sinks/kitchen-sinks/schock-double-bowl-undermount-puro/,https://s3.ap-southeast-2.amazonaws.com/assets.abey.com.au/abey_extend/aef_ii/Abey_Undermount-Sink-Installation-Instructions.pdf,second_bowl_width_mm,not provided,0.300,Low confidence,,
224,N200UP,sinks,,abey.com.au,https://www.abey.com.au/product/sinks/kitchen-sinks/schock-double-bowl-undermount-puro/,https://s3.ap-southeast-2.amazonaws.com/assets.abey.com.au/abey_extend/aef_ii/Abey_Undermount-Sink-Installation-Instructions.pdf,second_bowl_depth_mm,not provided,0.300,Low confidence,,
224,N200UP,sinks,,abey.com.au,https://www.abey.com.au/product/sinks/kitchen-sinks/schock-double-bowl-undermount-puro/,https://s3.ap-southeast-2.amazonaws.com/assets.abey.com.au/abey_extend/aef_ii/Abey_Undermount-Sink-Installation-Instructions.pdf,second_bowl_height_mm,not provided,0.300,Low confidence,,
224,N200UP,sinks,,abey.com.au,https://www.abey.com.au/product/sinks/kitchen-sinks/schock-double-bowl-undermount-puro/,https://s3.ap-southeast-2.amazonaws.com/assets.abey.com.au/abey_extend/aef_ii/Abey_Undermount-Sink-Installation-Instructions.pdf,cutout_size_mm,not provided,0.300,Low confidence,,
223,123381,basins,,abey.com.au,https://www.abey.com.au/product/basins/park-avenue-mk2-semi-recessed-basin/,https://s3.ap-southeast-2.amazonaws.com/assets.abey.com.au/abey_extend/aef_ts/123381.pdf,style,PARK AVENUE MK2,0.500,Below threshold,,
222,KM-175D,sinks,,abey.com.au,https://www.abey.com.au/product/sinks/kitchen-sinks/kallio-one-1-3-bowl-day-with-1th/,https://s3.ap-southeast-2.amazonaws.com/assets.abey.com.au/abey_extend/aef_ts/KM-175D+KM-175NT.pdf,product_material,Granite,0.300,Low confidence,,
222,KM-175D,sinks,,abey.com.au,https://www.abey.com.au/product/sinks/kitchen-sinks/kallio-one-1-3-bowl-day-with-1th/,https://s3.ap-southeast-2.amazonaws.com/assets.abey.com.au/abey_extend/aef_ts/KM-175D+KM-175NT.pdf,style,Green Line,0.500,Below threshold,,
222,KM-175D,sinks,,abey.com.au,https://www.abey.com.au/product/sinks/kitchen-sinks/kallio-one-1-3-bowl-day-with-1th/,https://s3.ap-southeast-2.amazonaws.com/assets.abey.com.au/abey_extend/aef_ts/KM-175D+KM-175NT.pdf,bowls_number,2,0.500,Below threshold,,
222,KM-175D,sinks,,abey.com.au,https://www.abey.com.au/product/sinks/kitchen-sinks/kallio-one-1-3-bowl-day-with-1th/,https://s3.ap-southeast-2.amazonaws.com/assets.abey.com.au/abey_extend/aef_ts/KM-175D+KM-175NT.pdf,application_location,Kitchen/Laundry,0.500,Below threshold,,
222,KM-175D,sinks,,abey.com.au,https://www.abey.com.au/product/sinks/kitchen-sinks/kallio-one-1-3-bowl-day-with-1th/,https://s3.ap-southeast-2.amazonaws.com/assets.abey.com.au/abey_extend/aef_ts/KM-175D+KM-175NT.pdf,drain_position,Centre,0.500,Below threshold,,
222,KM-175D,sinks,,abey.com.au,https://www.abey.com.au/product/sinks/kitchen-sinks/kallio-one-1-3-bowl-day-with-1th/,https://s3.ap-southeast-2.amazonaws.com/assets.abey.com.au/abey_extend/aef_ts/KM-175D+KM-175NT.pdf,waste_outlet_dimensions,90mm x 2‚Äù,0.300,Low confidence,,
218,6B3-K,sinks,,abey.com.au,https://www.abey.com.au/product/tapware/bathroom-basin-mixers/poco-knurled-high-basin-mixer/,https://s3.ap-southeast-2.amazonaws.com/assets.abey.com.au/abey_extend/aef_ii/6B1_6B3_6B1-K_6B3-K_7B1_Installation_Instructions.pdf,product_material,Not specified,0.300,Low confidence,,
218,6B3-K,sinks,,abey.com.au,https://www.abey.com.au/product/tapware/bathroom-basin-mixers/poco-knurled-high-basin-mixer/,https://s3.ap-southeast-2.amazonaws.com/assets.abey.com.au/abey_extend/aef_ii/6B1_6B3_6B1-K_6B3-K_7B1_Installation_Instructions.pdf,grade_of_material,Not specified,0.300,Low confidence,,
218,6B3-K,sinks,,abey.com.au,https://www.abey.com.au/product/tapware/bathroom-basin-mixers/poco-knurled-high-basin-mixer/,https://s3.ap-southeast-2.amazonaws.com/assets.abey.com.au/abey_extend/aef_ii/6B1_6B3_6B1-K_6B3-K_7B1_Installation_Instructions.pdf,style,Not specified,0.500,Below threshold,,
218,6B3-K,sinks,,abey.com.au,https://www.abey.com.au/product/tapware/bathroom-basin-mixers/poco-knurled-high-basin-mixer/,https://s3.ap-southeast-2.amazonaws.com/assets.abey.com.au/abey_extend/aef_ii/6B1_6B3_6B1-K_6B3-K_7B1_Installation_Instructions.pdf,bowls_number,Not specified,0.500,Below threshold,,
218,6B3-K,sinks,,abey.com.au,https://www.abey.com.au/product/tapware/bathroom-basin-mixers/poco-knurled-high-basin-mixer/,https://s3.ap-southeast-2.amazonaws.com/assets.abey.com.au/abey_extend/aef_ii/6B1_6B3_6B1-K_6B3-K_7B1_Installation_Instructions.pdf,application_location,Not specified,0.500,Below threshold,,
218,6B3-K,sinks,,abey.com.au,https://www.abey.com.au/product/tapware/bathroom-basin-mixers/poco-knurled-high-basin-mixer/,https://s3.ap-southeast-2.amazonaws.com/assets.abey.com.au/abey_extend/aef_ii/6B1_6B3_6B1-K_6B3-K_7B1_Installation_Instructions.pdf,drain_position,Not specified,0.500,Below threshold,,
218,6B3-K,sinks,,abey.com.au,https://www.abey.com.au/product/tapware/bathroom-basin-mixers/poco-knurled-high-basin-mixer/,https://s3.ap-southeast-2.amazonaws.com/assets.abey.com.au/abey_extend/aef_ii/6B1_6B3_6B1-K_6B3-K_7B1_Installation_Instructions.pdf,waste_outlet_dimensions,Not specified,0.300,Low confidence,,
218,6B3-K,sinks,,abey.com.au,https://www.abey.com.au/product/tapware/bathroom-basin-mixers/poco-knurled-high-basin-mixer/,https://s3.ap-southeast-2.amazonaws.com/assets.abey.com.au/abey_extend/aef_ii/6B1_6B3_6B1-K_6B3-K_7B1_Installation_Instructions.pdf,warranty_years,Not specified,0.500,Below threshold,,
218,6B3-K,sinks,,abey.com.au,https://www.abey.com.au/product/tapware/bathroom-basin-mixers/poco-knurled-high-basin-mixer/,https://s3.ap-southeast-2.amazonaws.com/assets.abey.com.au/abey_extend/aef_ii/6B1_6B3_6B1-K_6B3-K_7B1_Installation_Instructions.pdf,length_mm,Not specified,0.300,Low confidence,,
218,6B3-K,sinks,,abey.com.au,https://www.abey.com.au/product/tapware/bathroom-basin-mixers/poco-knurled-high-basin-mixer/,https://s3.ap-southeast-2.amazonaws.com/assets.abey.com.au/abey_extend/aef_ii/6B1_6B3_6B1-K_6B3-K_7B1_Installation_Instructions.pdf,overall_width_mm,Not specified,0.300,Low confidence,,
218,6B3-K,sinks,,abey.com.au,https://www.abey.com.au/product/tapware/bathroom-basin-mixers/poco-knurled-high-basin-mixer/,https://s3.ap-southeast-2.amazonaws.com/assets.abey.com.au/abey_extend/aef_ii/6B1_6B3_6B1-K_6B3-K_7B1_Installation_Instructions.pdf,overall_depth_mm,Not specified,0.300,Low confidence,,
218,6B3-K,sinks,,abey.com.au,https://www.abey.com.au/product/tapware/bathroom-basin-mixers/poco-knurled-high-basin-mixer/,https://s3.ap-southeast-2.amazonaws.com/assets.abey.com.au/abey_extend/aef_ii/6B1_6B3_6B1-K_6B3-K_7B1_Installation_Instructions.pdf,bowl_width_mm,Not specified,0.300,Low confidence,,
218,6B3-K,sinks,,abey.com.au,https://www.abey.com.au/product/tapware/bathroom-basin-mixers/poco-knurled-high-basin-mixer/,https://s3.ap-southeast-2.amazonaws.com/assets.abey.com.au/abey_extend/aef_ii/6B1_6B3_6B1-K_6B3-K_7B1_Installation_Instructions.pdf,bowl_depth_mm,Not specified,0.300,Low confidence,,
218,6B3-K,sinks,,abey.com.au,https://www.abey.com.au/product/tapware/bathroom-basin-mixers/poco-knurled-high-basin-mixer/,https://s3.ap-southeast-2.amazonaws.com/assets.abey.com.au/abey_extend/aef_ii/6B1_6B3_6B1-K_6B3-K_7B1_Installation_Instructions.pdf,bowl_height_mm,Not specified,0.300,Low confidence,,
218,6B3-K,sinks,,abey.com.au,https://www.abey.com.au/product/tapware/bathroom-basin-mixers/poco-knurled-high-basin-mixer/,https://s3.ap-southeast-2.amazonaws.com/assets.abey.com.au/abey_extend/aef_ii/6B1_6B3_6B1-K_6B3-K_7B1_Installation_Instructions.pdf,second_bowl_width_mm,Not specified,0.300,Low confidence,,
218,6B3-K,sinks,,abey.com.au,https://www.abey.com.au/product/tapware/bathroom-basin-mixers/poco-knurled-high-basin-mixer/,https://s3.ap-southeast-2.amazonaws.com/assets.abey.com.au/abey_extend/aef_ii/6B1_6B3_6B1-K_6B3-K_7B1_Installation_Instructions.pdf,second_bowl_depth_mm,Not specified,0.300,Low confidence,,
218,6B3-K,sinks,,abey.com.au,https://www.abey.com.au/product/tapware/bathroom-basin-mixers/poco-knurled-high-basin-mixer/,https://s3.ap-southeast-2.amazonaws.com/assets.abey.com.au/abey_extend/aef_ii/6B1_6B3_6B1-K_6B3-K_7B1_Installation_Instructions.pdf,second_bowl_height_mm,Not specified,0.300,Low confidence,,
218,6B3-K,sinks,,abey.com.au,https://www.abey.com.au/product/tapware/bathroom-basin-mixers/poco-knurled-high-basin-mixer/,https://s3.ap-southeast-2.amazonaws.com/assets.abey.com.au/abey_extend/aef_ii/6B1_6B3_6B1-K_6B3-K_7B1_Installation_Instructions.pdf,min_cabinet_size_mm,Not specified,0.300,Low confidence,,
218,6B3-K,sinks,,abey.com.au,https://www.abey.com.au/product/tapware/bathroom-basin-mixers/poco-knurled-high-basin-mixer/,https://s3.ap-southeast-2.amazonaws.com/assets.abey.com.au/abey_extend/aef_ii/6B1_6B3_6B1-K_6B3-K_7B1_Installation_Instructions.pdf,cutout_size_mm,Not specified,0.300,Low confidence,,
216,TD100CRR,sinks,,abey.com.au,https://www.abey.com.au/product/sinks/kitchen-sinks/schock-typos-single-bowl-with-drainer-croma-right-hand-bowl-1th/,https://s3.ap-southeast-2.amazonaws.com/assets.abey.com.au/abey_extend/aef_ii/Abey-Top-Mount-Sink-Installation-Instructions.pdf,application_location,Kitchen/Laundry,0.500,Below threshold,,
215,27474,baths,,abey.com.au,https://www.abey.com.au/product/freestanding-baths/formoso-1690mm-natural-stone-bath-matt/,https://s3.ap-southeast-2.amazonaws.com/assets.abey.com.au/abey_extend/aef_ii/NaturalStone_Bath_Installation_Instructions.pdf,style,"freestanding, drop-in",0.500,Below threshold,,
215,27474,baths,,abey.com.au,https://www.abey.com.au/product/freestanding-baths/formoso-1690mm-natural-stone-bath-matt/,https://s3.ap-southeast-2.amazonaws.com/assets.abey.com.au/abey_extend/aef_ii/NaturalStone_Bath_Installation_Instructions.pdf,product_material,natural stone,0.300,Low confidence,,
214,TD100T2WR,sinks,,abey.com.au,https://www.abey.com.au/product/sinks/kitchen-sinks/schock-typos-single-bowl-with-drainer-400710a-pull-out-kitchen-mixer-alpina-3/,https://s3.ap-southeast-2.amazonaws.com/assets.abey.com.au/abey_extend/aef_ii/Abey-Top-Mount-Sink-Installation-Instructions.pdf,application_location,kitchen/laundry,0.500,Below threshold,,
211,N-100XLYP,sinks,,abey.com.au,https://www.abey.com.au/product/sinks/kitchen-sinks/schock-signus-large-single-bowl-undermount-puro/,https://s3.ap-southeast-2.amazonaws.com/assets.abey.com.au/abey_extend/aef_ii/Abey_Undermount-Sink-Installation-Instructions.pdf,product_material,N/A,0.000,Placeholder/empty value,,
211,N-100XLYP,sinks,,abey.com.au,https://www.abey.com.au/product/sinks/kitchen-sinks/schock-signus-large-single-bowl-undermount-puro/,https://s3.ap-southeast-2.amazonaws.com/assets.abey.com.au/abey_extend/aef_ii/Abey_Undermount-Sink-Installation-Instructions.pdf,grade_of_material,N/A,0.000,Placeholder/empty value,,
211,N-100XLYP,sinks,,abey.com.au,https://www.abey.com.au/product/sinks/kitchen-sinks/schock-signus-large-single-bowl-undermount-puro/,https://s3.ap-southeast-2.amazonaws.com/assets.abey.com.au/abey_extend/aef_ii/Abey_Undermount-Sink-Installation-Instructions.pdf,style,N/A,0.000,Placeholder/empty value,,
211,N-100XLYP,sinks,,abey.com.au,https://www.abey.com.au/product/sinks/kitchen-sinks/schock-signus-large-single-bowl-undermount-puro/,https://s3.ap-southeast-2.amazonaws.com/assets.abey.com.au/abey_extend/aef_ii/Abey_Undermount-Sink-Installation-Instructions.pdf,bowls_number,N/A,0.000,Placeholder/empty value,,
211,N-100XLYP,sinks,,abey.com.au,https://www.abey.com.au/product/sinks/kitchen-sinks/schock-signus-large-single-bowl-undermount-puro/,https://s3.ap-southeast-2.amazonaws.com/assets.abey.com.au/abey_extend/aef_ii/Abey_Undermount-Sink-Installation-Instructions.pdf,application_location,Kitchen/Laundry,0.500,Below threshold,,
211,N-100XLYP,sinks,,abey.com.au,https://www.abey.com.au/product/sinks/kitchen-sinks/schock-signus-large-single-bowl-undermount-puro/,https://s3.ap-southeast-2.amazonaws.com/assets.abey.com.au/abey_extend/aef_ii/Abey_Undermount-Sink-Installation-Instructions.pdf,drain_position,N/A,0.000,Placeholder/empty value,,
211,N-100XLYP,sinks,,abey.com.au,https://www.abey.com.au/product/sinks/kitchen-sinks/schock-signus-large-single-bowl-undermount-puro/,https://s3.ap-southeast-2.amazonaws.com/assets.abey.com.au/abey_extend/aef_ii/Abey_Undermount-Sink-Installation-Instructions.pdf,waste_outlet_dimensions,N/A,0.000,Placeholder/empty value,,
211,N-100XLYP,sinks,,abey.com.au,https://www.abey.com.au/product/sinks/kitchen-sinks/schock-signus-large-single-bowl-undermount-puro/,https://s3.ap-southeast-2.amazonaws.com/assets.abey.com.au/abey_extend/aef_ii/Abey_Undermount-Sink-Installation-Instructions.pdf,warranty_years,N/A,0.000,Placeholder/empty value,,
211,N-100XLYP,sinks,,abey.com.au,https://www.abey.com.au/product/sinks/kitchen-sinks/schock-signus-large-single-bowl-undermount-puro/,https://s3.ap-southeast-2.amazonaws.com/assets.abey.com.au/abey_extend/aef_ii/Abey_Undermount-Sink-Installation-Instructions.pdf,length_mm,N/A,0.000,Placeholder/empty value,,
211,N-100XLYP,sinks,,abey.com.au,https://www.abey.com.au/product/sinks/kitchen-sinks/schock-signus-large-single-bowl-undermount-puro/,https://s3.ap-southeast-2.amazonaws.com/assets.abey.com.au/abey_extend/aef_ii/Abey_Undermount-Sink-Installation-Instructions.pdf,overall_width_mm,N/A,0.000,Placeholder/empty value,,
211,N-100XLYP,sinks,,abey.com.au,https://www.abey.com.au/product/sinks/kitchen-sinks/schock-signus-large-single-bowl-undermount-puro/,https://s3.ap-southeast-2.amazonaws.com/assets.abey.com.au/abey_extend/aef_ii/Abey_Undermount-Sink-Installation-Instructions.pdf,overall_depth_mm,N/A,0.000,Placeholder/empty value,,
211,N-100XLYP,sinks,,abey.com.au,https://www.abey.com.au/product/sinks/kitchen-sinks/schock-signus-large-single-bowl-undermount-puro/,https://s3.ap-southeast-2.amazonaws.com/assets.abey.com.au/abey_extend/aef_ii/Abey_Undermount-Sink-Installation-Instructions.pdf,bowl_width_mm,N/A,0.000,Placeholder/empty value,,
211,N-100XLYP,sinks,,abey.com.au,https://www.abey.com.au/product/sinks/kitchen-sinks/schock-signus-large-single-bowl-undermount-puro/,https://s3.ap-southeast-2.amazonaws.com/assets.abey.com.au/abey_extend/aef_ii/Abey_Undermount-Sink-Installation-Instructions.pdf,bowl_depth_mm,N/A,0.000,Placeholder/empty value,,
211,N-100XLYP,sinks,,abey.com.au,https://www.abey.com.au/product/sinks/kitchen-sinks/schock-signus-large-single-bowl-undermount-puro/,https://s3.ap-southeast-2.amazonaws.com/assets.abey.com.au/abey_extend/aef_ii/Abey_Undermount-Sink-Installation-Instructions.pdf,bowl_height_mm,N/A,0.000,Placeholder/empty value,,
211,N-100XLYP,sinks,,abey.com.au,https://www.abey.com.au/product/sinks/kitchen-sinks/schock-signus-large-single-bowl-undermount-puro/,https://s3.ap-southeast-2.amazonaws.com/assets.abey.com.au/abey_extend/aef_ii/Abey_Undermount-Sink-Installation-Instructions.pdf,second_bowl_width_mm,N/A,0.000,Placeholder/empty value,,
211,N-100XLYP,sinks,,abey.com.au,https://www.abey.com.au/product/sinks/kitchen-sinks/schock-signus-large-single-bowl-undermount-puro/,https://s3.ap-southeast-2.amazonaws.com/assets.abey.com.au/abey_extend/aef_ii/Abey_Undermount-Sink-Installation-Instructions.pdf,second_bowl_depth_mm,N/A,0.000,Placeholder/empty value,,
211,N-100XLYP,sinks,,abey.com.au,https://www.abey.com.au/product/sinks/kitchen-sinks/schock-signus-large-single-bowl-undermount-puro/,https://s3.ap-southeast-2.amazonaws.com/assets.abey.com.au/abey_extend/aef_ii/Abey_Undermount-Sink-Installation-Instructions.pdf,second_bowl_height_mm,N/A,0.000,Placeholder/empty value,,
211,N-100XLYP,sinks,,abey.com.au,https://www.abey.com.au/product/sinks/kitchen-sinks/schock-signus-large-single-bowl-undermount-puro/,https://s3.ap-southeast-2.amazonaws.com/assets.abey.com.au/abey_extend/aef_ii/Abey_Undermount-Sink-Installation-Instructions.pdf,cutout_size_mm,N/A,0.000,Placeholder/empty value,,
210,900113,showers,,abey.com.au,https://www.abey.com.au/product/showers/hand-showers/piazza-handshower-set/,https://s3.ap-southeast-2.amazonaws.com/assets.abey.com.au/abey_extend/aef_ts/900113.pdf,model_name,ROUND-1 FRONT,0.500,Below threshold,,
210,900113,showers,,abey.com.au,https://www.abey.com.au/product/showers/hand-showers/piazza-handshower-set/,https://s3.ap-southeast-2.amazonaws.com/assets.abey.com.au/abey_extend/aef_ts/900113.pdf,flow_rate_lpm,9,0.500,Below threshold,,
204,6BS-WS,showers,,abey.com.au,https://www.abey.com.au/product/showers/hand-showers/poco-3-hole-bath-shower-mixer-set/,https://s3.ap-southeast-2.amazonaws.com/assets.abey.com.au/abey_extend/aef_ii/6BS-WS Installation Instructions.pdf,wels_rating,"Not Rated, 7L/min",0.500,Below threshold,,
202,QN-100SCR,sinks,,abey.com.au,https://www.abey.com.au/product/sinks/kitchen-sinks/schock-quadro-single-bowl-croma/,https://s3.ap-southeast-2.amazonaws.com/assets.abey.com.au/abey_extend/aef_ii/Abey-Top-and-Undermount-Sink-Installation-Instructions.pdf,product_material,Granite,0.300,Low confidence,,
202,QN-100SCR,sinks,,abey.com.au,https://www.abey.com.au/product/sinks/kitchen-sinks/schock-quadro-single-bowl-croma/,https://s3.ap-southeast-2.amazonaws.com/assets.abey.com.au/abey_extend/aef_ii/Abey-Top-and-Undermount-Sink-Installation-Instructions.pdf,grade_of_material,A,0.300,Low confidence,,
202,QN-100SCR,sinks,,abey.com.au,https://www.abey.com.au/product/sinks/kitchen-sinks/schock-quadro-single-bowl-croma/,https://s3.ap-southeast-2.amazonaws.com/assets.abey.com.au/abey_extend/aef_ii/Abey-Top-and-Undermount-Sink-Installation-Instructions.pdf,style,Modern,0.500,Below threshold,,
202,QN-100SCR,sinks,,abey.com.au,https://www.abey.com.au/product/sinks/kitchen-sinks/schock-quadro-single-bowl-croma/,https://s3.ap-southeast-2.amazonaws.com/assets.abey.com.au/abey_extend/aef_ii/Abey-Top-and-Undermount-Sink-Installation-Instructions.pdf,bowls_number,2,0.500,Below threshold,,
202,QN-100SCR,sinks,,abey.com.au,https://www.abey.com.au/product/sinks/kitchen-sinks/schock-quadro-single-bowl-croma/,https://s3.ap-southeast-2.amazonaws.com/assets.abey.com.au/abey_extend/aef_ii/Abey-Top-and-Undermount-Sink-Installation-Instructions.pdf,application_location,Kitchen,0.500,Below threshold,,
202,QN-100SCR,sinks,,abey.com.au,https://www.abey.com.au/product/sinks/kitchen-sinks/schock-quadro-single-bowl-croma/,https://s3.ap-southeast-2.amazonaws.com/assets.abey.com.au/abey_extend/aef_ii/Abey-Top-and-Undermount-Sink-Installation-Instructions.pdf,drain_position,Centre,0.500,Below threshold,,
200,N120P,sinks,,abey.com.au,https://www.abey.com.au/product/sinks/kitchen-sinks/schock-soho-large-single-bowl-puro/,https://s3.ap-southeast-2.amazonaws.com/assets.abey.com.au/abey_extend/aef_ii/Abey-Top-and-Undermount-Sink-Installation-Instructions.pdf,product_material,Stainless Steel,0.300,Low confidence,,
200,N120P,sinks,,abey.com.au,https://www.abey.com.au/product/sinks/kitchen-sinks/schock-soho-large-single-bowl-puro/,https://s3.ap-southeast-2.amazonaws.com/assets.abey.com.au/abey_extend/aef_ii/Abey-Top-and-Undermount-Sink-Installation-Instructions.pdf,grade_of_material,Grade 304,0.300,Low confidence,,
200,N120P,sinks,,abey.com.au,https://www.abey.com.au/product/sinks/kitchen-sinks/schock-soho-large-single-bowl-puro/,https://s3.ap-southeast-2.amazonaws.com/assets.abey.com.au/abey_extend/aef_ii/Abey-Top-and-Undermount-Sink-Installation-Instructions.pdf,style,Modern,0.500,Below threshold,,
200,N120P,sinks,,abey.com.au,https://www.abey.com.au/product/sinks/kitchen-sinks/schock-soho-large-single-bowl-puro/,https://s3.ap-southeast-2.amazonaws.com/assets.abey.com.au/abey_extend/aef_ii/Abey-Top-and-Undermount-Sink-Installation-Instructions.pdf,bowls_number,1,0.500,Below threshold,,
200,N120P,sinks,,abey.com.au,https://www.abey.com.au/product/sinks/kitchen-sinks/schock-soho-large-single-bowl-puro/,https://s3.ap-southeast-2.amazonaws.com/assets.abey.com.au/abey_extend/aef_ii/Abey-Top-and-Undermount-Sink-Installation-Instructions.pdf,application_location,Kitchen,0.500,Below threshold,,
200,N120P,sinks,,abey.com.au,https://www.abey.com.au/product/sinks/kitchen-sinks/schock-soho-large-single-bowl-puro/,https://s3.ap-southeast-2.amazonaws.com/assets.abey.com.au/abey_extend/aef_ii/Abey-Top-and-Undermount-Sink-Installation-Instructions.pdf,drain_position,Rear Centre,0.500,Below threshold,,
198,22898,basins,,abey.com.au,https://www.abey.com.au/product/basins/byron-clearstone-gloss-basin-with-matching-stone-waste/,https://s3.ap-southeast-2.amazonaws.com/assets.abey.com.au/abey_extend/aef_ts/22898.pdf,colour_finish,gloss,0.500,Below threshold,,
198,22898,basins,,abey.com.au,https://www.abey.com.au/product/basins/byron-clearstone-gloss-basin-with-matching-stone-waste/,https://s3.ap-southeast-2.amazonaws.com/assets.abey.com.au/abey_extend/aef_ts/22898.pdf,product_material,stone resin,0.300,Low confidence,,
197,QN-150B,sinks,,abey.com.au,https://www.abey.com.au/product/sinks/kitchen-sinks/schock-quadro-one-1-3-bowl-onyx/,https://s3.ap-southeast-2.amazonaws.com/assets.abey.com.au/abey_extend/aef_ii/Abey-Top-and-Undermount-Sink-Installation-Instructions.pdf,product_material,Composite,0.300,Low confidence,,
197,QN-150B,sinks,,abey.com.au,https://www.abey.com.au/product/sinks/kitchen-sinks/schock-quadro-one-1-3-bowl-onyx/,https://s3.ap-southeast-2.amazonaws.com/assets.abey.com.au/abey_extend/aef_ii/Abey-Top-and-Undermount-Sink-Installation-Instructions.pdf,grade_of_material,Premium,0.300,Low confidence,,
197,QN-150B,sinks,,abey.com.au,https://www.abey.com.au/product/sinks/kitchen-sinks/schock-quadro-one-1-3-bowl-onyx/,https://s3.ap-southeast-2.amazonaws.com/assets.abey.com.au/abey_extend/aef_ii/Abey-Top-and-Undermount-Sink-Installation-Instructions.pdf,style,Modern,0.500,Below threshold,,
197,QN-150B,sinks,,abey.com.au,https://www.abey.com.au/product/sinks/kitchen-sinks/schock-quadro-one-1-3-bowl-onyx/,https://s3.ap-southeast-2.amazonaws.com/assets.abey.com.au/abey_extend/aef_ii/Abey-Top-and-Undermount-Sink-Installation-Instructions.pdf,bowls_number,1,0.500,Below threshold,,
197,QN-150B,sinks,,abey.com.au,https://www.abey.com.au/product/sinks/kitchen-sinks/schock-quadro-one-1-3-bowl-onyx/,https://s3.ap-southeast-2.amazonaws.com/assets.abey.com.au/abey_extend/aef_ii/Abey-Top-and-Undermount-Sink-Installation-Instructions.pdf,application_location,Kitchen,0.500,Below threshold,,
197,QN-150B,sinks,,abey.com.au,https://www.abey.com.au/product/sinks/kitchen-sinks/schock-quadro-one-1-3-bowl-onyx/,https://s3.ap-southeast-2.amazonaws.com/assets.abey.com.au/abey_extend/aef_ii/Abey-Top-and-Undermount-Sink-Installation-Instructions.pdf,drain_position,Rear Centre,0.500,Below threshold,,
196,LEGRANDE-3W,sinks,,abey.com.au,https://www.abey.com.au/product/sinks/kitchen-sinks/chambord-legrande-large-bowl-reversible-fireclay/,https://s3.ap-southeast-2.amazonaws.com/assets.abey.com.au/abey_extend/aef_ts/LEGRANDE-3W.pdf,product_material,Fireclay,0.300,Low confidence,,
196,LEGRANDE-3W,sinks,,abey.com.au,https://www.abey.com.au/product/sinks/kitchen-sinks/chambord-legrande-large-bowl-reversible-fireclay/,https://s3.ap-southeast-2.amazonaws.com/assets.abey.com.au/abey_extend/aef_ts/LEGRANDE-3W.pdf,bowls_number,1,0.500,Below threshold,,
196,LEGRANDE-3W,sinks,,abey.com.au,https://www.abey.com.au/product/sinks/kitchen-sinks/chambord-legrande-large-bowl-reversible-fireclay/,https://s3.ap-southeast-2.amazonaws.com/assets.abey.com.au/abey_extend/aef_ts/LEGRANDE-3W.pdf,drain_position,Centre,0.500,Below threshold,,
195,TD100T2BR,sinks,,abey.com.au,https://www.abey.com.au/product/sinks/kitchen-sinks/schock-typos-single-bowl-with-right-hand-drainer-1th-400710b-pull-out-kitchen-mixer-onyx/,https://s3.ap-southeast-2.amazonaws.com/assets.abey.com.au/abey_extend/aef_ii/Abey-Top-Mount-Sink-Installation-Instructions.pdf,application_location,Kitchen/Laundry,0.500,Below threshold,,
194,6052-MB,sinks,,abey.com.au,https://www.abey.com.au/product/accessories/bathroom-accessories/plug-waste-40mm-matt-black/,https://s3.ap-southeast-2.amazonaws.com/assets.abey.com.au/abey_extend/aef_ts/6052-MB.pdf,product_material,Stainless Steel,0.300,Low confidence,,
194,6052-MB,sinks,,abey.com.au,https://www.abey.com.au/product/accessories/bathroom-accessories/plug-waste-40mm-matt-black/,https://s3.ap-southeast-2.amazonaws.com/assets.abey.com.au/abey_extend/aef_ts/6052-MB.pdf,drain_position,Centre,0.500,Below threshold,,
191,6025-B,sinks,,abey.com.au,https://www.abey.com.au/product/accessories/kitchen-sink-accessories/plug-waste-90x50mm-black/,https://s3.ap-southeast-2.amazonaws.com/assets.abey.com.au/abey_extend/aef_ts/6025-B.pdf,bowls_number,1,0.500,Below threshold,,
190,VN-100XLB,sinks,,abey.com.au,https://www.abey.com.au/product/sinks/kitchen-sinks/schock-virtus-large-bowl-onyx/,https://s3.ap-southeast-2.amazonaws.com/assets.abey.com.au/abey_extend/aef_ii/Abey-Top-Mount-Sink-Installation-Instructions.pdf,application_location,Kitchen/Laundry,0.500,Below threshold,,
188,BS1B,sinks,,abey.com.au,https://www.abey.com.au/product/sinks/bar-sinks/bs1-bar-sink-black-pearl/,https://s3.ap-southeast-2.amazonaws.com/assets.abey.com.au/abey_extend/aef_ii/Stainless_Steel_Undermount_Sink_Installation_Instructions_WEB.pdf,product_material,Stainless Steel,0.300,Low confidence,,
188,BS1B,sinks,,abey.com.au,https://www.abey.com.au/product/sinks/bar-sinks/bs1-bar-sink-black-pearl/,https://s3.ap-southeast-2.amazonaws.com/assets.abey.com.au/abey_extend/aef_ii/Stainless_Steel_Undermount_Sink_Installation_Instructions_WEB.pdf,grade_of_material,Not provided,0.300,Low confidence,,
188,BS1B,sinks,,abey.com.au,https://www.abey.com.au/product/sinks/bar-sinks/bs1-bar-sink-black-pearl/,https://s3.ap-southeast-2.amazonaws.com/assets.abey.com.au/abey_extend/aef_ii/Stainless_Steel_Undermount_Sink_Installation_Instructions_WEB.pdf,style,Not provided,0.500,Below threshold,,
188,BS1B,sinks,,abey.com.au,https://www.abey.com.au/product/sinks/bar-sinks/bs1-bar-sink-black-pearl/,https://s3.ap-southeast-2.amazonaws.com/assets.abey.com.au/abey_extend/aef_ii/Stainless_Steel_Undermount_Sink_Installation_Instructions_WEB.pdf,bowls_number,Not provided,0.500,Below threshold,,
188,BS1B,sinks,,abey.com.au,https://www.abey.com.au/product/sinks/bar-sinks/bs1-bar-sink-black-pearl/,https://s3.ap-southeast-2.amazonaws.com/assets.abey.com.au/abey_extend/aef_ii/Stainless_Steel_Undermount_Sink_Installation_Instructions_WEB.pdf,application_location,Kitchen/Laundry,0.500,Below threshold,,
188,BS1B,sinks,,abey.com.au,https://www.abey.com.au/product/sinks/bar-sinks/bs1-bar-sink-black-pearl/,https://s3.ap-southeast-2.amazonaws.com/assets.abey.com.au/abey_extend/aef_ii/Stainless_Steel_Undermount_Sink_Installation_Instructions_WEB.pdf,drain_position,Not provided,0.500,Below threshold,,
188,BS1B,sinks,,abey.com.au,https://www.abey.com.au/product/sinks/bar-sinks/bs1-bar-sink-black-pearl/,https://s3.ap-southeast-2.amazonaws.com/assets.abey.com.au/abey_extend/aef_ii/Stainless_Steel_Undermount_Sink_Installation_Instructions_WEB.pdf,waste_outlet_dimensions,Not provided,0.300,Low confidence,,
188,BS1B,sinks,,abey.com.au,https://www.abey.com.au/product/sinks/bar-sinks/bs1-bar-sink-black-pearl/,https://s3.ap-southeast-2.amazonaws.com/assets.abey.com.au/abey_extend/aef_ii/Stainless_Steel_Undermount_Sink_Installation_Instructions_WEB.pdf,warranty_years,Not provided,0.500,Below threshold,,
188,BS1B,sinks,,abey.com.au,https://www.abey.com.au/product/sinks/bar-sinks/bs1-bar-sink-black-pearl/,https://s3.ap-southeast-2.amazonaws.com/assets.abey.com.au/abey_extend/aef_ii/Stainless_Steel_Undermount_Sink_Installation_Instructions_WEB.pdf,length_mm,Not provided,0.300,Low confidence,,
188,BS1B,sinks,,abey.com.au,https://www.abey.com.au/product/sinks/bar-sinks/bs1-bar-sink-black-pearl/,https://s3.ap-southeast-2.amazonaws.com/assets.abey.com.au/abey_extend/aef_ii/Stainless_Steel_Undermount_Sink_Installation_Instructions_WEB.pdf,overall_width_mm,Not provided,0.300,Low confidence,,
188,BS1B,sinks,,abey.com.au,https://www.abey.com.au/product/sinks/bar-sinks/bs1-bar-sink-black-pearl/,https://s3.ap-southeast-2.amazonaws.com/assets.abey.com.au/abey_extend/aef_ii/Stainless_Steel_Undermount_Sink_Installation_Instructions_WEB.pdf,overall_depth_mm,Not provided,0.300,Low confidence,,
188,BS1B,sinks,,abey.com.au,https://www.abey.com.au/product/sinks/bar-sinks/bs1-bar-sink-black-pearl/,https://s3.ap-southeast-2.amazonaws.com/assets.abey.com.au/abey_extend/aef_ii/Stainless_Steel_Undermount_Sink_Installation_Instructions_WEB.pdf,bowl_width_mm,Not provided,0.300,Low confidence,,
188,BS1B,sinks,,abey.com.au,https://www.abey.com.au/product/sinks/bar-sinks/bs1-bar-sink-black-pearl/,https://s3.ap-southeast-2.amazonaws.com/assets.abey.com.au/abey_extend/aef_ii/Stainless_Steel_Undermount_Sink_Installation_Instructions_WEB.pdf,bowl_depth_mm,Not provided,0.300,Low confidence,,
188,BS1B,sinks,,abey.com.au,https://www.abey.com.au/product/sinks/bar-sinks/bs1-bar-sink-black-pearl/,https://s3.ap-southeast-2.amazonaws.com/assets.abey.com.au/abey_extend/aef_ii/Stainless_Steel_Undermount_Sink_Installation_Instructions_WEB.pdf,bowl_height_mm,Not provided,0.300,Low confidence,,
188,BS1B,sinks,,abey.com.au,https://www.abey.com.au/product/sinks/bar-sinks/bs1-bar-sink-black-pearl/,https://s3.ap-southeast-2.amazonaws.com/assets.abey.com.au/abey_extend/aef_ii/Stainless_Steel_Undermount_Sink_Installation_Instructions_WEB.pdf,second_bowl_width_mm,Not provided,0.300,Low confidence,,
188,BS1B,sinks,,abey.com.au,https://www.abey.com.au/product/sinks/bar-sinks/bs1-bar-sink-black-pearl/,https://s3.ap-southeast-2.amazonaws.com/assets.abey.com.au/abey_extend/aef_ii/Stainless_Steel_Undermount_Sink_Installation_Instructions_WEB.pdf,second_bowl_depth_mm,Not provided,0.300,Low confidence,,
188,BS1B,sinks,,abey.com.au,https://www.abey.com.au/product/sinks/bar-sinks/bs1-bar-sink-black-pearl/,https://s3.ap-southeast-2.amazonaws.com/assets.abey.com.au/abey_extend/aef_ii/Stainless_Steel_Undermount_Sink_Installation_Instructions_WEB.pdf,second_bowl_height_mm,Not provided,0.300,Low confidence,,
188,BS1B,sinks,,abey.com.au,https://www.abey.com.au/product/sinks/bar-sinks/bs1-bar-sink-black-pearl/,https://s3.ap-southeast-2.amazonaws.com/assets.abey.com.au/abey_extend/aef_ii/Stainless_Steel_Undermount_Sink_Installation_Instructions_WEB.pdf,cutout_size_mm,Not provided,0.300,Low confidence,,
