sku,vendor,shopify_title,product_id,field,proposed_value,confidence,source,issues
1306,Abey,Gareth Ashton Vicenza Natural Stone Basin - Gloss White,6770819366956,material,Stone,0.50,tag,
17051B,Abey,Gessi Emporio Kitchen Mixer – Black,6921060319276,installation_type,Hob Mounted Taps,0.60,tag,
1B1-B,Abey,Gareth Ashton Park Avenue Basin Mixer - Black - 1B1-B,6770773458988,installation_type,Hob Mounted Taps,0.60,tag,
1B2,Abey,Gareth Ashton Park Avenue High Basin Mixer - Chrome - 1B2,6770255659052,installation_type,Hob Mounted Taps,0.60,tag,
1ISX100L,Abey,Abey Barazza Select 100 Left Hand Single Bowl Topmount Sink with Drainer - Stainless Steel - 1ISX100L,7675414183980,colour_finish,Stainless Steel,0.20,tag,material_as_colour
1ISX100R,Abey,Abey Barazza Select 100 Right Hand Single Bowl Topmount Sink with Drainer - Stainless Steel - 1ISX100R,7675416150060,colour_finish,Stainless Steel,0.20,tag,material_as_colour
1ISX120L,Abey,Abey Barazza Select 120 Left Hand 1 & 3/4 Bowl Topmount Sink with Drainer - Stainless Steel - 1ISX120L,7675417428012,colour_finish,Stainless Steel,0.20,tag,material_as_colour
1ISX120R,Abey,Abey Barazza Select 120 Right Hand 1 & 3/4 Bowl Topmount Sink with Drainer - Stainless Steel - 1ISX120R,7675419721772,colour_finish,Stainless Steel,0.20,tag,material_as_colour
1SH-EXT + SH-INT,Abey,Gareth Ashton Park Avenue Shower-Bath Mixer - Chrome - 1SH-EXT + SH-INT,6770255462444,installation_type,Hob Mounted Taps,0.60,tag,
1X3440I,Abey,Abey Barazza R15 Single Bowl 1X3440I,6921062383660,colour_finish,Stainless Steel,0.20,tag,material_as_colour
1X4540I,Abey,Abey Barazza R15 Single Bowl - 1X4540I,6770860163116,colour_finish,Stainless Steel,0.20,tag,material_as_colour
1X7040I,Abey,Abey Barazza R15 Large Bowl - 1X7040I,6921062416428,colour_finish,Stainless Steel,0.20,tag,material_as_colour
1X842I,Abey,Abey Barazza R15 Double Bowl 1X842I,6921062449196,colour_finish,Stainless Steel,0.20,tag,material_as_colour
1X942I,Abey,Abey Barazza R15 1 & 3/4 Bowl Sink - 1X942I,6921062481964,colour_finish,Stainless Steel,0.20,tag,material_as_colour
2050BR,Abey,Armando Vicario Provincial Single lever kitchen mixer – Bronze - 2050BR,6921053372460,colour_finish,Bronze,0.60,tag,
2050BR,Abey,Armando Vicario Provincial Single lever kitchen mixer – Bronze - 2050BR,6921053372460,installation_type,Hob Mounted Taps,0.60,tag,
21123,Abey,Gareth Ashton Florenza 1828mm ClearStone Freestanding Bath - Gloss White - 21123,6894024818732,material,Stone,0.50,tag,
21128,Abey,Gareth Ashton Byron 1690mm Freestanding Stone Bath With Overflow - Gloss White - 21128,7019817959468,material,Stone,0.50,tag,
21128,Abey,Gareth Ashton Byron 1690mm Freestanding Stone Bath With Overflow - Gloss White - 21128,7019817959468,colour_finish,White,0.65,tag,duplicate_tags:2
2150C,Abey,Armando Vicario Provincial Single Lever Basin Mixer - Chrome - 2150C,6770483134508,installation_type,Hob Mounted Taps,0.60,tag,
2200C,Abey,Armando Vicario Provincial Top Assemblies - Chrome - 2200C,7642299727916,installation_type,Hob Mounted Taps,0.60,tag,
22698P,Abey,Gareth Ashton Patinato ClearStone Gloss Basin with Matching Stone Waste - 22698P,6894018363436,material,Stone,0.50,tag,
22829,Abey,Gareth Ashton Patinato Grande 1690mm Freestanding Clearstone Bath - Gloss White - 22829,6770817531948,material,Stone,0.50,tag,
22845P,Abey,Gareth Ashton Pluro Clearstone Basin with Plug & Waste - Gloss White - 22845P,6770819006508,material,Stone,0.50,tag,
22846P,Abey,Gareth Ashton Sontuoso Clearstone Basin with Plug & Waste - Gloss White - 22846P,6770819268652,material,Stone,0.50,tag,
26313P,Abey,Gareth Ashton Byron ClearStone Matte Basin with Chrome Waste - Gloss White - 26313P,6894018428972,material,Stone,0.50,tag,
26922,Abey,Gareth Ashton Byron 1690mm Freestanding Stone Bath With Overflow - Matte White - 26922,6770678530092,material,Stone,0.50,tag,
26922,Abey,Gareth Ashton Byron 1690mm Freestanding Stone Bath With Overflow - Matte White - 26922,6770678530092,colour_finish,Matte White,0.65,tag,duplicate_tags:2
27477,Abey,Gareth Ashton Formosa Natural Stone Basin - Gloss White - 27477,6894028947500,material,Stone,0.50,tag,
27478,Abey,Gareth Ashton Vicenza Natural Stone Basin - Matte White,7027836223532,material,Stone,0.50,tag,
3B1,Abey,Gareth Ashton Lucia Basin Mixer - Chrome - 3B1,6771002867756,installation_type,Hob Mounted Taps,0.60,tag,
3B2,Abey,Gareth Ashton Lucia High Basin Mixer - Chrome - 3B2,6771013124140,installation_type,Hob Mounted Taps,0.60,tag,
3BTM,Abey,Gareth Ashton Lucia Bath Filler - Chrome - 3BTM,6770744754220,installation_type,Hob Mounted Taps,0.60,tag,
3K3,Abey,Gareth Ashton Lucia Square Sidelever Mixer - Chrome - 3K3,6770252939308,installation_type,Hob Mounted Taps,0.60,tag,
3K4,Abey,Gareth Ashton Lucia Goose Sidelever Mixer - Chrome - 3K4,6770251825196,installation_type,Hob Mounted Taps,0.60,tag,
3K6-BB,Abey,Gareth Ashton Lucia Sidelever Mixer with Pull Out - Brushed Brass - 3K6-BB,6770859671596,colour_finish,Brass,0.20,tag,material_as_colour
3K6-BB,Abey,Gareth Ashton Lucia Sidelever Mixer with Pull Out - Brushed Brass - 3K6-BB,6770859671596,installation_type,Hob Mounted Taps,0.60,tag,
3SH-EXT-BN + SH-INT-BN,Abey,Gareth Ashton Lucia Shower Mixer External - Brushed Nickel - 3SH-EXT-BN + SH-INT-BN,6771003719724,installation_type,Hob Mounted Taps,0.60,tag,
400456A,Abey,Armando Vicario Isa Kitchen Mixer,6770783715372,installation_type,Hob Mounted Taps,0.60,tag,
400727,Abey,Armando Vicario Patio Pull Out 316 Stainless Steel Kitchen Mixer - 400727,7674502086700,colour_finish,Stainless Steel,0.05,tag,duplicate_tags:2; material_as_colour
400728,Abey,Armando Vicario Urban D Pull Out Kitchen Mixer - Chrome - 400728,6895102132268,installation_type,Hob Mounted Taps,0.60,tag,
500304,Abey,Armando Vicario Provincial 3 Piece Basin Set with Lever Handles - Chrome - 500304,6770859868204,installation_type,Hob Mounted Taps,0.60,tag,
500339,Abey,Armando Vicario Lever Top Assemblies - Chrome - 500339,6770859966508,installation_type,Hob Mounted Taps,0.60,tag,
500518,Abey,Armando Vicario Piazza High Basin Mixer - Chrome - 500518,7325493985324,installation_type,Hob Mounted Taps,0.60,tag,
500519,Abey,Armando Vicario Piazza 3 Piece Round Basin Tap - Chrome - 500519,7325493821484,installation_type,Hob Mounted Taps,0.60,tag,
500520,Abey,Armando Vicario Piazza 3 Piece Square Basin Tap - Chrome - 500520,7325495918636,installation_type,Hob Mounted Taps,0.60,tag,
517120,Abey,Abey Schock Alfresco 316 Marine Grade Laios Pullout Sink Mixer - Stainless Steel - 517120,6771017580588,colour_finish,Stainless Steel,0.20,tag,material_as_colour
517120,Abey,Abey Schock Alfresco 316 Marine Grade Laios Pullout Sink Mixer - Stainless Steel - 517120,6771017580588,installation_type,Hob Mounted Taps,0.60,tag,
6B1-K,Abey,Gareth Ashton Poco Knurled Basin Mixer - Chrome - 6B1-K,6921055436844,installation_type,Hob Mounted Taps,0.60,tag,
6B3,Abey,Gareth Ashton Poco Hi Basin Mixer - Chrome - 6B3,6770770804780,installation_type,Hob Mounted Taps,0.60,tag,
6K1,Abey,Gareth Ashton Poco Pull Out Kitchen Mixer - Chrome - 6K1,6900829683756,installation_type,Hob Mounted Taps,0.60,tag,
700006,Abey,Armando Vicario Provincial Wall Mounted Bath Filler - Chrome - 700006,6921053175852,installation_type,Hob Mounted Taps,0.60,tag,
7B1,Abey,Gareth Ashton Vela Basin Mixer - Chrome - 7B1,6921049604140,installation_type,Hob Mounted Taps,0.60,tag,
7B2,Abey,Gareth Ashton Vela High Basin Mixer - Chrome - 7B2,6921049309228,installation_type,Hob Mounted Taps,0.60,tag,
9010C,Abey,Armando Vicario Provincial Basin Mixer - Chrome - 9010C,6921053929516,installation_type,Hob Mounted Taps,0.60,tag,
ADT1,Abey,Abey Stainless Steel Drain Tray ADT1,6771089506348,colour_finish,Stainless Steel,0.20,tag,material_as_colour
BS1,Abey,Abey BS1 Bar Sink,6770745278508,colour_finish,Stainless Steel,0.20,tag,material_as_colour
BS1CO,Abey,Abey BS1 Bar Single Bowl Sink Artisan Copper - BS1CO,6921061597228,colour_finish,Copper,0.20,tag,material_as_colour
BS1G,Abey,Abey BS1 Bar Single Bowl Stainless Steel Sink Eureka Gold - BS1G,6921061531692,colour_finish,Stainless Steel,0.05,tag,duplicate_tags:2; material_as_colour
BS2,Abey,Abey BS2 Bar Sink,6771017711660,overall_width_mm,370.0,0.55,tag,duplicate_tags:2
BS2,Abey,Abey BS2 Bar Sink,6771017711660,colour_finish,Stainless Steel,0.20,tag,material_as_colour
BS2CO,Abey,Abey BS2 Bar Sink with Tap Landing Artisan Copper - BS2CO,6921061466156,colour_finish,Copper,0.20,tag,material_as_colour
BTA014-BR,Abey,Gareth Ashton 304 Gooseneck Bar Sink Mixer - Brushed Steel - BTA014-BR,6902007234604,colour_finish,Stainless Steel,0.20,tag,material_as_colour
BTA014-BR,Abey,Gareth Ashton 304 Gooseneck Bar Sink Mixer - Brushed Steel - BTA014-BR,6902007234604,installation_type,Hob Mounted Taps,0.60,tag,
CHARLES-1W,Abey,Abey Chambord Charles Large Double Bowl Fireclay Sink - CHARLES-1W,7147987763244,material,Fine Fire Clay,0.35,tag,duplicate_tags:2
CLOTAIRE-2W,Abey,Abey Chambord Clotaire Large Double Bowl Fire Clay Ceramic Sink - CLOTAIRE-2W,6770617581612,overall_width_mm,795.0,0.55,tag,duplicate_tags:2
CLOTAIRE-2W,Abey,Abey Chambord Clotaire Large Double Bowl Fire Clay Ceramic Sink - CLOTAIRE-2W,6770617581612,material,Fine Fire Clay,0.35,tag,duplicate_tags:2
CLOTAIRE-2WT,Abey,Abey Chambord Clotaire Double Sink & 400674 Kitchen Mixer - Chrome - CLOTAIRE-2WT,6895131033644,material,Fine Fire Clay,0.35,tag,duplicate_tags:2
CONSTANCE-3B,Abey,Abey Chambord Constance Large Bowl Fireclay Black Sink - CONSTANCE-3B,7147992940588,material,Fine Fire Clay,0.35,tag,duplicate_tags:2
CONSTANCE-3W,Abey,Abey Chambord Constance Large Single Bowl Fireclay Sink - CONSTANCE-3W,7147988779052,material,Fine Fire Clay,0.35,tag,duplicate_tags:2
CONSTANCE-4B,Abey,Abey Chambord Constance Large Bowl Fireclay Black Sink - CONSTANCE-4B,7147993038892,material,Fine Fire Clay,0.35,tag,duplicate_tags:2
CONSTANCE-4W,Abey,Abey Chambord Constance Large Single Bowl Fireclay Sink - CONSTANCE-4W,7147992743980,material,Fine Fire Clay,0.35,tag,duplicate_tags:2
CR340B,Abey,Abey Piazza Square Bowl Black Pearl - CR340B,6770859704364,colour_finish,Stainless Steel,0.20,tag,material_as_colour
CR340CO,Abey,Abey Piazza Square Bowl Artisan Copper - CR340CO,6771090653228,colour_finish,Stainless Steel,0.05,tag,duplicate_tags:2; material_as_colour
CR340D,Abey,Abey Piazza CR340D Double Bowl Sink,6770763726892,colour_finish,Stainless Steel,0.20,tag,material_as_colour
CR340DCO,Abey,Abey Piazza Double Square Bowl Artisan Copper - CR340DCO,6771091341356,colour_finish,Stainless Steel,0.05,tag,duplicate_tags:2; material_as_colour
CR340DG,Abey,Abey Piazza Double Square Bowl Eureka Gold - CR340DG,6771091439660,colour_finish,Stainless Steel,0.05,tag,duplicate_tags:2; material_as_colour
CR340G,Abey,Abey Piazza Square Bowl Eureka Gold - CR340G,6771090751532,colour_finish,Stainless Steel,0.05,tag,duplicate_tags:2; material_as_colour
CR500B,Abey,Abey Piazza Single Bowl Black Pearl - CR500B,6771090784300,colour_finish,Stainless Steel,0.05,tag,duplicate_tags:2; material_as_colour
CR500CO,Abey,Abey Piazza Single Bowl Artisan Copper - CR500CO,6771090849836,colour_finish,Stainless Steel,0.05,tag,duplicate_tags:2; material_as_colour
CR500D,Abey,Abey Piazza CR500D Inset Piazza,6770622464044,colour_finish,Stainless Steel,0.20,tag,material_as_colour
CR500DB,Abey,Abey Piazza One & 3-4 Square Bowl Black Pearl - CR500DB,6771091079212,colour_finish,Stainless Steel,0.05,tag,duplicate_tags:2; material_as_colour
CR500DCO,Abey,Abey Piazza One & 3-4 Square Bowl Artisan Copper - CR500DCO,6771091144748,colour_finish,Stainless Steel,0.05,tag,duplicate_tags:2; material_as_colour
CR500DG,Abey,Abey Piazza One & 3-4 Square Bowl Eureka Gold - CR500DG,6771091210284,colour_finish,Stainless Steel,0.05,tag,duplicate_tags:2; material_as_colour
CR500G,Abey,Abey Piazza Single Bowl Eureka Gold - CR500G,6771090980908,colour_finish,Stainless Steel,0.05,tag,duplicate_tags:2; material_as_colour
CR540,Abey,Abey Piazza CR540 Inset or Undermount Sink,6770763628588,colour_finish,Stainless Steel,0.20,tag,material_as_colour
CR720,Abey,Abey Piazza CR720 Inset or Undermount Sink,6770763694124,colour_finish,Stainless Steel,0.20,tag,material_as_colour
CR720CO,Abey,Abey Piazza Large Topmount/Undermount Single Bowl Sink - Artizan Copper - CR720CO,7677116678188,colour_finish,Copper,0.20,tag,material_as_colour
CRQ400D,Abey,Abey Boutique Piazza Double Bowl Sink - CRQ400D,7492643029036,colour_finish,Stainless Steel,0.20,tag,material_as_colour
CRQ450D,Abey,Abey Boutique Piazza Double Bowl 60/40 Sink - CRQ450D,7492642930732,colour_finish,Stainless Steel,0.20,tag,material_as_colour
CRQ500,Abey,Abey Boutique Piazza Large Bowl Sink - CRQ500,7492646273068,colour_finish,Stainless Steel,0.20,tag,material_as_colour
CRQ680,Abey,Abey Boutique Piazza Super Single Bowl - CRQ680,7492650106924,colour_finish,Stainless Steel,0.20,tag,material_as_colour
D100BL,Abey,Abey SCHOCK Signus Topmount Single Left Hand Bowl Sink & Drainer 1TH - Magma - D100BL,7660441501740,material,Stone,0.50,tag,
D100BR,Abey,Abey SCHOCK Signus Topmount Single Right Hand Bowl Sink & Drainer 1TH - Magma - D100BR,7660464635948,material,Stone,0.50,tag,
D100PL,Abey,Abey SCHOCK Signus Topmount Single Left Hand Bowl Sink & Drainer 1TH - Puro - D100PL,7660462964780,material,Stone,0.50,tag,
D100PR,Abey,Abey SCHOCK Signus Topmount Single Right Hand Bowl Sink & Drainer 1TH - Puro - D100PR,7660466110508,material,Stone,0.50,tag,
D100SL,Abey,Abey SCHOCK Signus Topmount Single Left Hand Bowl Sink & Drainer 1TH - Stone - D100SL,7660461490220,material,Stone,0.50,tag,
D100SR,Abey,Abey SCHOCK Signus Topmount Single Right Hand Bowl Sink & Drainer 1TH - Stone - D100SR,7660465422380,material,Stone,0.50,tag,
D100WL,Abey,Abey SCHOCK Signus Topmount Single Left Hand Bowl Sink & Drainer 1TH - Polaris - D100WL,7660462211116,material,Stone,0.50,tag,
D100WR,Abey,Abey SCHOCK Signus Topmount Single Right Hand Bowl Sink & Drainer 1TH - Polaris - D100WR,7660464078892,material,Stone,0.50,tag,
D200BL,Abey,Abey SCHOCK Signus Topmount 1 & 3/4 Left Hand Bowl Sink 1TH - Magma - D200BL,7660473712684,material,Stone,0.50,tag,
D200PL,Abey,Abey SCHOCK Signus Topmount 1 & 3/4 Left Hand Bowl Sink 1TH - Puro - D200PL,7660476792876,material,Stone,0.50,tag,
D200SL,Abey,Abey SCHOCK Signus Topmount 1 & 3/4 Left Hand Bowl Sink 1TH - Stone - D200SL,7660475613228,material,Stone,0.50,tag,
D200SR,Abey,Abey SCHOCK Signus Topmount 1 & 3/4 Right Hand Bowl Sink 1TH - Stone - D200SR,7660470763564,material,Stone,0.50,tag,
D200WL,Abey,Abey SCHOCK Signus Topmount 1 & 3/4 Left Hand Bowl Sink 1TH - Polaris - D200WL,7660472926252,material,Stone,0.50,tag,
D200WL,Abey,Abey SCHOCK Signus Topmount 1 & 3/4 Left Hand Bowl Sink 1TH - Polaris - D200WL,7660472926252,colour_finish,White,0.65,tag,duplicate_tags:2
D200WR,Abey,Abey SCHOCK Signus Topmount 1 & 3/4 Right Hand Bowl Sink 1TH - Polaris - D200WR,7660471648300,material,Stone,0.50,tag,
D200WR,Abey,Abey SCHOCK Signus Topmount 1 & 3/4 Right Hand Bowl Sink 1TH - Polaris - D200WR,7660471648300,colour_finish,White,0.65,tag,duplicate_tags:2
DTA18-316,Abey,Abey Alfresco Drainer Tray - DTA18-316,6771088523308,material,Stainless Steel,0.65,tag,duplicate_tags:2
DTA18-316,Abey,Abey Alfresco Drainer Tray - DTA18-316,6771088523308,colour_finish,Stainless Steel,0.20,tag,material_as_colour
EASY100L,Abey,Abey Barazza Easy 100 Left Hand Single Bowl Sink & Drainer,6770412585004,colour_finish,Stainless Steel,0.20,tag,material_as_colour
EASY100R,Abey,Abey Barazza Easy 100 Right Hand Single Bowl & Drainer,7061595324460,colour_finish,Stainless Steel,0.20,tag,material_as_colour
EASY200L,Abey,Abey Barazza Easy Left Hand Double Bowl Sink & Drainer,6770389221420,colour_finish,Stainless Steel,0.20,tag,material_as_colour
FRA340,Abey,Abey Alfresco Single Bowl Sink - 316 Marine Grade Stainless Steel - FRA340,6770744164396,material,Stainless Steel,0.65,tag,duplicate_tags:2
FRA340,Abey,Abey Alfresco Single Bowl Sink - 316 Marine Grade Stainless Steel - FRA340,6770744164396,colour_finish,Stainless Steel,0.20,tag,material_as_colour
FRA540,Abey,Abey Alfresco Large Bowl 540 Sink - 316 Marine Grade Stainless Steel - FRA540,6770744000556,material,Stainless Steel,0.65,tag,duplicate_tags:2
FRA540,Abey,Abey Alfresco Large Bowl 540 Sink - 316 Marine Grade Stainless Steel - FRA540,6770744000556,colour_finish,Stainless Steel,0.20,tag,material_as_colour
FRA700,Abey,Abey Alfresco Large Bowl 700 Sink - 316 Marine Grade Stainless Steel - FRA700,6770744098860,material,Stainless Steel,0.65,tag,duplicate_tags:2
FRA700,Abey,Abey Alfresco Large Bowl 700 Sink - 316 Marine Grade Stainless Steel - FRA700,6770744098860,colour_finish,Stainless Steel,0.20,tag,material_as_colour
KN-100D,Abey,Abey Schock Kiruna KN-100D Single Bowl Sink - Day,7675407073324,material,Mixed,0.50,tag,
KN-100LD,Abey,Abey Schock Kiruna KN-100LD Large Single Bowl Sink - Day,7675406549036,material,Mixed,0.50,tag,
KN-100LNT,Abey,Abey Schock Kiruna KN-100LNT Large Single Bowl Sink - Night,7675406909484,material,Mixed,0.50,tag,
KN-100NT,Abey,Abey Schock Kiruna KN-100NT Single Bowl Sink - Night,7675407695916,material,Mixed,0.50,tag,
KN-100XLD,Abey,Abey Schock Kiruna KN-100XLD Extra Large Single Bowl Sink - Day,7675404976172,material,Mixed,0.50,tag,
KN-100XLNT,Abey,Abey Schock Kiruna KN-100XLNT Extra Large Single Bowl Sink - Night,7675405697068,material,Mixed,0.50,tag,
KTA030-BR,Abey,Gareth Ashton 304 Gooseneck Neck Kitchen Mixer with Pull Out – Brushed Stainless - KTA030-BR,6921063661612,installation_type,Hob Mounted Taps,0.60,tag,
KTA037-316-BR,Abey,Gareth Ashton 316 Marine Grade Stainless Steel Goose Neck Pull Out Kitchen Mixer - KTA037-316-BR,6771088588844,colour_finish,Stainless Steel,0.20,tag,material_as_colour
KTA037-316-BR,Abey,Gareth Ashton 316 Marine Grade Stainless Steel Goose Neck Pull Out Kitchen Mixer - KTA037-316-BR,6771088588844,installation_type,Hob Mounted Taps,0.60,tag,
KTA037-BR,Abey,Gareth Ashton 304 Gooseneck Neck Kitchen Mixer with Dual Spray Pull Out Function – Brushed Stainless - KTA037-BR,6921063792684,installation_type,Hob Mounted Taps,0.60,tag,
KTA045-BR,Abey,Gareth Ashton 304 Gooseneck Pull Out Sink Mixer - Brushed Steel - KTA045-BR,7691367743532,colour_finish,Stainless Steel,0.20,tag,material_as_colour
LEGRANDE-1W,Abey,Abey Chambord Legrande Single Bowl Reversible Fireclay - LEGRANDE-1W,6893905412140,material,Fine Fire Clay,0.50,tag,
LEGRANDE-2W,Abey,Abey Chambord LEGRANDE Large 1 & 1/2 Reversible Fire Clay Sink - LEGRANDE-2W,6893905379372,material,Fine Fire Clay,0.50,tag,
LOUIS-1W,Abey,Abey Chambord Louis Single Bowl Ceramic Sink 595 - LOUIS-1W,6770685116460,material,Fine Fire Clay,0.35,tag,duplicate_tags:2
LOUIS-2W,Abey,Abey Chambord Louis Large Single Bowl Ceramic Sink 795 - LOUIS-2W,6770685181996,material,Fine Fire Clay,0.35,tag,duplicate_tags:2
LT100,Abey,Abey LT100 31L Single Bowl Laundry Sink w/Overflow,6771020791852,overall_width_mm,390.0,0.55,tag,duplicate_tags:2
LT100,Abey,Abey LT100 31L Single Bowl Laundry Sink w/Overflow,6771020791852,colour_finish,Stainless Steel,0.20,tag,material_as_colour
LT110,Abey,Abey LT110 36 Litre Single Bowl,6921057533996,colour_finish,Stainless Steel,0.20,tag,material_as_colour
LT120,Abey,Abey LT120 45L Single Bowl Laundry Sink w/Overflow,6770621120556,colour_finish,Stainless Steel,0.20,tag,material_as_colour
LT120BP,Abey,Abey L120 Black Pearl Kitchen Sink - Overflow - LT120BP,7146311942188,colour_finish,Stainless Steel,0.05,tag,duplicate_tags:2; material_as_colour
LT45DB,Abey,Abey The Double Leichardt Laundry Sink,6771051069484,colour_finish,Stainless Steel,0.20,tag,material_as_colour
LT70B,Abey,Abey The Latrobe LT70B Laundry Sink With Overflow,6771051266092,colour_finish,Stainless Steel,0.20,tag,material_as_colour
LTRH,Abey,Gareth Ashton Park Avenue Toilet Roll Holder - LTRH,6771004702764,colour_finish,Gun Metal,0.60,tag,
LUA100,Abey,Abey Lucia Single Bowl Sink - LUA100,6770248548396,colour_finish,Stainless Steel,0.20,tag,material_as_colour
LUA130,Abey,Abey Lucia Large Single Bowl Sink + DTA16 - LUA130,6771016728620,colour_finish,Stainless Steel,0.20,tag,material_as_colour
LUA190,Abey,Abey Lucia 1 & 1/3 Bowl Sink - LUA190,6770248384556,colour_finish,Stainless Steel,0.20,tag,material_as_colour
LUA200,Abey,Abey Lucia Double Bowl Sink - LUA200,6770248220716,colour_finish,Stainless Steel,0.20,tag,material_as_colour
LUA221,Abey,"Abey Lucia 1 & 3/4 Bowl Sink - Includes Drainer, Waste & Chopping Board - LUA221",6770745114668,colour_finish,Stainless Steel,0.20,tag,material_as_colour
LUZ-1,Abey,Armando Vicario Luz Gooseneck Pull-Out Mixer - Chrome - LUZ-1,6770249891884,installation_type,Hob Mounted Taps,0.60,tag,
LUZ-B,Abey,Armando Vicario Luz Sink Mixer with Pull-Out Spray - Black - LUZ-B,6770744229932,installation_type,Hob Mounted Taps,0.60,tag,
MALIBUP,Abey,Gareth Ashton Malibup Gooseneck Sink Mixer - Chrome,6770253135916,installation_type,Hob Mounted Taps,0.60,tag,
MALIBUQ,Abey,Abey Malibuq Square Neck Sink Mixer - Chrome,6770253332524,installation_type,Hob Mounted Taps,0.60,tag,
MB1,Abey,Abey MixMaster 35mm Cast Basin Mixer MB1 - Chrome,6921056682028,installation_type,Hob Mounted Taps,0.60,tag,
MB2,Abey,Abey MixMaster Cast Basin Mixer - Chrome - MB2,6921056616492,installation_type,Hob Mounted Taps,0.60,tag,
MK1,Abey,Abey Mixmaster Sink Mixer MK1 - Chrome,6770253791276,installation_type,Hob Mounted Taps,0.60,tag,
MOA360,Abey,Abey Montego Single Bowl Sink - 304 Stainless Steel - MOA360,6770914230316,colour_finish,Stainless Steel,0.20,tag,material_as_colour
MOA360D,Abey,Abey Montego Double Bowl Sink - 304 Stainless Steel - MOA360D,6770913837100,colour_finish,Stainless Steel,0.20,tag,material_as_colour
MOA420D,Abey,Abey Montego Large Bowl & Three Quarter Bowl Sink - MOA420D,6770914000940,colour_finish,Stainless Steel,0.20,tag,material_as_colour
N-100XLP,Abey,Abey SCHOCK Signus Large Topmount Single Bowl Sink 1TH - Puro - N-100XLP,7660493504556,material,Stone,0.50,tag,
N-100XLS,Abey,Abey SCHOCK Signus Large Topmount Single Bowl Sink 1TH - Stone - N-100XLS,7064072912940,material,Stone,0.50,tag,
N-100XLYB,Abey,Abey SCHOCK Signus N-100XLY Undermount Sink  - Magma - N-100XLYB,6770694127660,material,Stone,0.50,tag,
N-100XLYS,Abey,Abey SCHOCK Signus N-100XLY Undermount Sink - Stone - N-100XLYS,7064147197996,material,Stone,0.50,tag,
N-100XLYW,Abey,Abey SCHOCK Signus N-100XLY Undermount Sink - Polaris - N-100XLYW,7064188452908,material,Stone,0.50,tag,
N100SS,Abey,Abey SCHOCK Soho N100S Topmount-Undermount Sink - Stone - N100SS,7072630308908,material,Stone,0.35,tag,duplicate_tags:2
N100SW,Abey,Abey SCHOCK Soho N100S Topmount-Undermount Sink - Polaris - N100SW,7072648822828,material,Mixed,0.50,tag,
N120B,Abey,Abey Schock Soho N120 Topmount-Undermount Sink - Magma - N120B,7072840155180,material,Mixed,0.50,tag,
N120S,Abey,Abey Schock Soho N120 Topmount-Undermount Sink - Stone - N120S,7072722157612,material,Stone,0.35,tag,duplicate_tags:2
N120W,Abey,Abey Schock Soho N120 Topmount-Undermount Sink - Polaris - N120W,7072822755372,material,Mixed,0.50,tag,
N150W,Abey,Abey Schock Soho Inset/Undermount 1 & 1/3 Sink - Polaris N150W,6921051340844,material,Stone,0.35,tag,duplicate_tags:2
N200S,Abey,Abey SCHOCK Horizont Topmount Double Bowl Sink 1TH - Stone - N200S,7061752840236,material,Stone,0.50,tag,
N200US,Abey,Abey SCHOCK Horizont Undermount Double Bowl Sink - Stone - N200US,7090401116204,material,Stone,0.50,tag,
NL100,Abey,Abey Lago Single Bowl Kitchen Sink - Includes Drainer - NL100,6921057665068,colour_finish,Stainless Steel,0.20,tag,material_as_colour
NL180,Abey,Abey Lago 1 & 1/3 Bowl Kitchen Sink with Drainer - NL180,6921057763372,colour_finish,Stainless Steel,0.20,tag,material_as_colour
NL200,Abey,Abey Lago NL200 Double Bowl Sink & Drainer - Stainless Steel,6921057861676,colour_finish,Stainless Steel,0.20,tag,material_as_colour
PR45,Abey,Abey The Lodden PR45 Laundry Sink,6770621251628,colour_finish,Stainless Steel,0.20,tag,material_as_colour
PR6,Abey,Abey The Yarra 6 Single Bowl Bar Sink - PR6,6770745344044,colour_finish,Stainless Steel,0.20,tag,material_as_colour
PSQ1200,Abey,Abey Boutique Slim 1200 Kitchen Sink - PSQ1200,7492650926124,colour_finish,Stainless Steel,0.20,tag,material_as_colour
PSQ900,Abey,Abey Boutique Slim 900 Kitchen Sink - PSQ900,7492651024428,colour_finish,Stainless Steel,0.20,tag,material_as_colour
PZQ400T,Abey,Abey Boutique Piazza Plus Triple Bowl Sink - PZQ400T,7492647190572,colour_finish,Stainless Steel,0.20,tag,material_as_colour
PZQ520D,Abey,Abey Boutique Piazza Plus 1 & 1/4 Bowl Sink - PZQ520D,7492646862892,colour_finish,Stainless Steel,0.20,tag,material_as_colour
PZQ760,Abey,Abey Boutique Piazza Plus Bowl Large Single Bowl Sink - PZQ760,7492646731820,colour_finish,Stainless Steel,0.20,tag,material_as_colour
QN-100B,Abey,Abey SCHOCK Quadro Large Topmount-Undermount Single Bowl Sink - Onyx - QN-100B,6770389418028,material,Mixed,0.50,tag,
SK5-AV-B,Abey,Armando Vicario Lucia Pull Out Mixer SK5-AV-B - Black,6770813894700,installation_type,Hob Mounted Taps,0.60,tag,
ST340DU,Abey,Abey Lugano Double Bowl Undermount Sink - ST340DU,6770248777772,colour_finish,Stainless Steel,0.20,tag,material_as_colour
ST460DU,Abey,Abey Lugano 1 & 3-4 Bowl Undermount Sink - ST460DU,6770249007148,colour_finish,Stainless Steel,0.20,tag,material_as_colour
ST460SU,Abey,Abey Lugano Single Bowl Undermount Sink - ST460SU,6770249203756,colour_finish,Stainless Steel,0.20,tag,material_as_colour
STQ360DDB,Abey,Abey Boutique Lugano Double Bowl & Double Drainer - Black Pearl - STQ360DDB,7492630380588,colour_finish,Stainless Steel,0.05,tag,duplicate_tags:2; material_as_colour
STQ360DDCO,Abey,Abey Boutique Lugano Double Bowl & Double Drainer - Artisan Copper - STQ360DDCO,7492626382892,colour_finish,Stainless Steel,0.05,tag,duplicate_tags:2; material_as_colour
STQ360DDG,Abey,Abey Boutique Lugano Double Bowl & Double Drainer - Eureka Gold - STQ360DDG,7492630544428,colour_finish,Stainless Steel,0.05,tag,duplicate_tags:2; material_as_colour
STQ450DLB,Abey,Abey Boutique Lugano Left Hand 1 & 1/4 Bowl Drainer - Black Pearl - STQ450DLB,7492631068716,colour_finish,Stainless Steel,0.05,tag,duplicate_tags:2; material_as_colour
STQ450DLCO,Abey,Abey Boutique Lugano Left Hand 1 & 1/4 Bowl Drainer - Artisan Copper - STQ450DLCO,7492630675500,colour_finish,Stainless Steel,0.05,tag,duplicate_tags:2; material_as_colour
STQ450DLG,Abey,Abey Boutique Lugano Left Hand 1 & 1/4 Bowl Drainer - Eureka Gold - STQ450DLG,7492634509356,colour_finish,Stainless Steel,0.05,tag,duplicate_tags:2; material_as_colour
STQ450DRB,Abey,Abey Boutique Lugano Right Hand 1 & 1/4 Bowl Drainer - Black Pearl - STQ450DRB,7492634640428,colour_finish,Stainless Steel,0.05,tag,duplicate_tags:2; material_as_colour
STQ450DRCO,Abey,Abey Boutique Lugano Right Hand 1 & 1/4 Bowl Drainer - Artisan Copper - STQ450DRCO,7492634476588,colour_finish,Stainless Steel,0.05,tag,duplicate_tags:2; material_as_colour
STQ450DRG,Abey,Abey Boutique Lugano Right Hand 1 & 1/4 Bowl Drainer - Eureka Gold - STQ450DRG,7492635295788,colour_finish,Stainless Steel,0.05,tag,duplicate_tags:2; material_as_colour
STQ450SLB,Abey,Abey Boutique Lugano Single Left Hand Bowl & Drainer - Black Pearl - STQ450SLB,7492638638124,colour_finish,Stainless Steel,0.05,tag,duplicate_tags:2; material_as_colour
STQ450SLCO,Abey,Abey Boutique Lugano Single Left Hand Bowl & Drainer - Artisan Copper - STQ450SLCO,7492638441516,colour_finish,Stainless Steel,0.05,tag,duplicate_tags:2; material_as_colour
STQ450SLG,Abey,Abey Boutique Lugano Single Left Hand Bowl & Drainer - Eureka Gold - STQ450SLG,7492638933036,colour_finish,Stainless Steel,0.05,tag,duplicate_tags:2; material_as_colour
STQ450SRB,Abey,Abey Boutique Lugano Single Right Hand Bowl & Drainer - Black Pearl - STQ450SRB,7492642570284,colour_finish,Stainless Steel,0.05,tag,duplicate_tags:2; material_as_colour
STQ450SRCO,Abey,Abey Boutique Lugano Single Right Hand Bowl & Drainer - Artisan Copper - STQ450SRCO,7492639064108,colour_finish,Stainless Steel,0.05,tag,duplicate_tags:2; material_as_colour
STQ450SRG,Abey,Abey Boutique Lugano Single Right Hand Bowl & Drainer - Eureka Gold - STQ450SRG,7492642865196,colour_finish,Stainless Steel,0.05,tag,duplicate_tags:2; material_as_colour
TD100BR,Abey,Abey SCHOCK Typos Topmount Single Right Hand Bowl Sink & Drainer 1TH - Onyx - TD100BR,7086072004652,material,Stone,0.50,tag,
TD100CL,Abey,Abey SCHOCK Typos Topmount Single Left Hand Bowl Sink & Drainer 1TH - Concrete - TD100CL,7660513263660,material,Mixed,0.50,tag,
TD100CRH,Abey,Abey SCHOCK Typos Topmount Single Right Hand Bowl Sink & Drainer 1TH - Concrete - TD100CRH,6770671812652,material,Mixed,0.50,tag,
TD100WL,Abey,Abey SCHOCK Typos Topmount Single Left Hand Bowl Sink & Drainer 1TH - Alpina - TD100WL,7660508315692,material,Stone,0.50,tag,
TD100WR,Abey,Abey SCHOCK Typos Topmount Single Right Hand Bowl Sink & Drainer 1TH - Alpina - TD100WR,6770425724972,material,Stone,0.50,tag,
TD200NL,Abey,Abey SCHOCK Typos Topmount 1 & 3-4 Left Hand Bowl Sink & Drainer 1TH - Nero - TD200NL,7660496093228,material,Stone,0.50,tag,
TD200WL,Abey,Abey SCHOCK Typos Topmount 1 & 3/4 Left Hand Bowl Sink & Drainer 1TH - Alpina - TD200WL,7660496322604,material,Stone,0.50,tag,
TD200WR,Abey,Abey SCHOCK Typos Topmount 1 & 3/4 Right Hand Bowl Sink & Drainer 1TH - Alpina - TD200WR,6770425528364,material,Stone,0.50,tag,
TN200B,Abey,Abey Schock Typos Inset Double Bowl Sink 1TH - Onyx - TN200B,7660537380908,material,Stone,0.50,tag,
TN200B-NTH,Abey,Abey Schock Typos Undermount Double Bowl Sink NTH - Onyx - TN200B-NTH,7086030258220,material,Stone,0.50,tag,
TN200C,Abey,Abey Schock Typos Inset Double Bowl Sink 1TH - Concrete - TN200C,7660522405932,material,Stone,0.50,tag,
TN200C-NTH,Abey,Abey Schock Typos Undermount Double Bowl Sink NTH - Concrete - TN200C-NTH,6921051209772,material,Stone,0.50,tag,
TN200CR,Abey,Abey Schock Typos Inset Double Bowl Sink 1TH - Croma - TN200CR,7660540264492,material,Mixed,0.50,tag,
TN200CR-NTH,Abey,Abey Schock Typos Undermount Double Bowl Sink NTH - Croma - TN200CR-NTH,6770672468012,material,Mixed,0.50,tag,
TN200W,Abey,Abey Schock Typos Inset Double Bowl Sink 1TH - Alpina - TN200W,7660525191212,material,Stone,0.50,tag,
TN200W-NTH,Abey,Abey Schock Typos Undermount Double Bowl Sink NTH - Alpina - TN200W-NTH,6770425462828,material,Stone,0.50,tag,
VTA012-316-BR,Abey,Gareth Ashton High Basin Mixer 316 Stainless Steel - VTA012-316-BR,6771089080364,colour_finish,Stainless Steel,0.20,tag,material_as_colour
VTA012-316-BR,Abey,Gareth Ashton High Basin Mixer 316 Stainless Steel - VTA012-316-BR,6771089080364,installation_type,Hob Mounted Taps,0.60,tag,
WMS001-316,Abey,Gareth Ashton Shower Mixer - Stainless Steel - WMS001-316,6771089113132,colour_finish,Stainless Steel,0.20,tag,material_as_colour
WMS001-316,Abey,Gareth Ashton Shower Mixer - Stainless Steel - WMS001-316,6771089113132,installation_type,Hob Mounted Taps,0.60,tag,
WSS001-316,Abey,Gareth Ashton 316 Stainless Steel Curved Wall Spout - WSS001-316,6771089014828,colour_finish,316 Marine Grade Stainless Steel,0.20,tag,material_as_colour
TRH1-45_MS,Avenir,Avenir Solo 24V 450mm Heated Towel Rail - Mirror Stainless Steel,7273759506476,colour_finish,Stainless Steel,0.20,tag,material_as_colour
TRH1-65_MS,Avenir,Avenir Solo 24V Heated Towel Rail 650mm - Mirror Stainless Steel,7113010020396,colour_finish,Stainless Steel,0.20,tag,material_as_colour
TRH4-50_MS,Avenir,Avenir Verso 24V 500mm Heated Towel Rail - Mirror Stainless Steel,7275022123052,colour_finish,Stainless Steel,0.20,tag,material_as_colour
TRH4-77_MS,Avenir,Avenir Verso 24V 770mm Heated Towel Rail - Mirror Stainless Steel,7275023368236,colour_finish,Stainless Steel,0.20,tag,material_as_colour
911000RMB,Billi,Billi B-1000 Filtered Round Slimline Dispenser - Matte Black - 911000RMB,6983262208044,colour_finish,Matte Black,0.65,tag,duplicate_tags:2
911000RMW,Billi,Billi B-1000 Filtered Round Slimline Dispenser - Matte White - 911000RMW,6983263158316,colour_finish,White,0.65,tag,duplicate_tags:2
911000RUB,Billi,Billi B-1000 Filtered Round Slimline Dispenser - Urban Brass - 911000RUB,6983282720812,colour_finish,Urban Brass,0.05,tag,duplicate_tags:2; material_as_colour
911000SMB,Billi,Billi B1000 Filtered Square Slimline Dispenser - Matte Black - 911000SMB,6981624201260,colour_finish,Matte Black,0.65,tag,duplicate_tags:2
913000RMB,Billi,Billi B3000 Filter Tap with Round Slimline Dispenser Chilled - Matte Black - 913000RMB,6975932334124,colour_finish,Matte Black,0.65,tag,duplicate_tags:2
913000SMB,Billi,Billi Home Chilled Filter Tap with Square Slimline Dispenser - Brushed - 913000SBR,6984178991148,colour_finish,Matte Black,0.65,tag,duplicate_tags:2
913100DMB,Billi,Billi B3000 Chilled & Sparkling Tap with Dual Levered Slimline Dispenser - Matte Black - 913100DMB,6981559156780,colour_finish,Matte Black,0.65,tag,duplicate_tags:2
914000LMB,Billi,Billi Home with XL Levered Dispenser Boiling & Ambient Tap - Matte Black - 914000LMB,6974998511660,colour_finish,Matte Black,0.65,tag,duplicate_tags:2
914000TMB,Billi,Billi B4000 Boiling & Ambient Tap with XT Touch Dispenser - Matte Black - 914000TMB,6981609816108,colour_finish,Matte Black,0.65,tag,duplicate_tags:2
915000LMB,Billi,Billi Home with XL Levered Dispenser Boiling & Chilled - Matte Black - 915000LMB,6974877630508,colour_finish,Matte Black,0.65,tag,duplicate_tags:2
915100LMB,Billi,"Billi B5000 with XL Levered Dispenser Boiling, Chilled & Sparkling - Matte Black - 915100LMB",6975763939372,colour_finish,Matte Black,0.65,tag,duplicate_tags:2
992800MB,Billi,Billi XL Font incl 70mm Riser Matte Black - 992800MB,6982715998252,colour_finish,Matte Black,0.65,tag,duplicate_tags:2
992810MB,Billi,Billi XL Slimline Font Matte Black - 992810MB,6982628900908,colour_finish,Matte Black,0.65,tag,duplicate_tags:2
ABF15070L,Parisi,Parisi Elli II 1500mm  Acrylic Freestanding Bath - Gloss White - ABF15070L,6770949750828,drain_position,40mm Bath Clic-Clac Waste (TA4000) to be ordered separately,0.60,supplier,
ABF15075E,Parisi,Parisi Ellisse 1500mm Lucite Acrylic Freestanding Bath - Gloss White - ABF15075E,6770856755244,drain_position,40mm Bath Clic-Clac Waste (TA4000) to be ordered separately,0.60,supplier,
ABF15075U,Parisi,Parisi Quasar 1500mm Acrylic Freestanding Bath - Gloss White - ABF15075U,6770685280300,drain_position,40mm Bath Clic-Clac Waste (TA4000) to be ordered separately,0.60,supplier,
ABF15080O,Parisi,Parisi Ovale 1500mm Lucite Acrylic Freestanding Bath No Overflow - Gloss White - ABF15080O,6770856820780,drain_position,40mm Bath Clic-Clac Waste (TA4000) to be ordered separately,0.60,supplier,
ABF17075L,Parisi,Parisi Elli II 1700mm  Acrylic Freestanding Bath - Gloss White - ABF17075L,6770950570028,drain_position,40mm Bath Clic-Clac Waste (TA4000) to be ordered separately,0.60,supplier,
ABF17080E,Parisi,Parisi Ellisse 1700mm Lucite Acrylic Freestanding Bath - Gloss White - ABF17080E,6770856788012,drain_position,40mm Bath Clic-Clac Waste (TA4000) to be ordered separately,0.60,supplier,
ABF17080U,Parisi,Parisi Quasar 1700mm Acrylic Freestanding Bath - Gloss White - ABF17080U,6770856951852,drain_position,40mm Bath Clic-Clac Waste (TA4000) to be ordered separately,0.60,supplier,
PM.001,Parisi,Parisi Tondo Round Mirror - PM.001,6770225381420,overall_depth_mm,35.0,0.60,supplier,
PM.001,Parisi,Parisi Tondo Round Mirror - PM.001,6770225381420,material,Mirror,0.50,supplier,
PM.001,Parisi,Parisi Tondo Round Mirror - PM.001,6770225381420,colour_finish,Mirror,0.60,supplier,
AG770 CHR,Phoenix Tapware,Phoenix Argo Basin Mixer - Chrome,6770241241132,installation_type,Hob Mounted Taps,0.60,tag,
DBSHS,Sussex,Sussex Duet High Basin Tap Set - Chrome - DBSHS,7304203665452,installation_type,Hob Mounted Taps,0.60,tag,
22898,abey.com.au,Gareth Ashton Byron ClearStone Basin with Matching Stone Waste - Gloss White - 22898,6894024851500,material,Stone,0.50,tag,
27474,abey.com.au,Gareth Ashton Formoso 1690mm Freestanding Natural Stone Bath - Matte White - 27474,7019819204652,material,Stone,0.50,tag,
6B1,abey.com.au,Gareth Ashton Poco Basin Mixer - Chrome - 6B1,6770770444332,installation_type,Hob Mounted Taps,0.60,tag,
6B3-K,abey.com.au,Gareth Ashton Poco Knurled High Basin Mixer - Chrome - 6B3-K,6921055174700,installation_type,Hob Mounted Taps,0.60,tag,
CEA05,abey.com.au,Gareth Ashton Premium Single Towel Rail 760mm - Chrome - CEA05,6770882314284,colour_finish,Gun Metal,0.60,tag,
CR340,abey.com.au,Abey Piazza CR340 Inset or Undermount Sink,6770763563052,colour_finish,Stainless Steel,0.20,tag,material_as_colour
KTA014-BR,abey.com.au,Gareth Ashton 304 Gooseneck Pull Out Kitchen Mixer with Dual Spray Function - Brushed Steel - KTA014-BR,6916727898156,colour_finish,Stainless Steel,0.20,tag,material_as_colour
KTA014-BR,abey.com.au,Gareth Ashton 304 Gooseneck Pull Out Kitchen Mixer with Dual Spray Function - Brushed Steel - KTA014-BR,6916727898156,installation_type,Hob Mounted Taps,0.60,tag,
LEGRANDE-3W,abey.com.au,Abey Chambord LEGRANDE Large Bowl Reversible Fireclay - LEGRANDE-3W,6893905444908,material,Fine Fire Clay,0.50,tag,
N100SB,abey.com.au,Abey SCHOCK Soho N100S Topmount-Undermount Sink - Magma - N100SB,6770693865516,material,Mixed,0.50,tag,
TD100BL,abey.com.au,Abey SCHOCK Typos Topmount Single Left Hand Bowl Sink & Drainer 1TH - Onyx - TD100BL,7660505038892,material,Stone,0.50,tag,
